{"extensionType":"field_faas","i18nMap":{"zh-CN":{"label.fieldSelect.stock":"请选择股票代码所在字段","label.fieldSelect.date":"请选择日期所在字段","label.outField.open":"开盘价","label.outField.name":"股票名称","label.outField.close":"收盘价","label.outField.high":"最高价","label.outField.low":"最低价","label.outField.volume":"成交量(股)","label.tooltips.text":"股票代码格式说明","label.tooltips.link":"点我跳转"},"en-US":{"label.fieldSelect.stock":"Please select the field where the stock code is located","label.fieldSelect.date":"Please select the field where the date is located","label.outField.open":"Opening price","label.outField.name":"Stock name","label.outField.close":"Closing price","label.outField.high":"High price","label.outField.low":"Low price","label.outField.volume":"Volume (shares)","label.tooltips.text":"Stock code format description","label.tooltips.link":"Click here to jump"},"ja-JP":{"label.fieldSelect.stock":"ストックコードのフィールドを選択してください","label.fieldSelect.date":"日付のフィールドを選択してください","label.outField.open":"始値","label.outField.name":"銘柄名","label.outField.close":"終値","label.outField.high":"最高値","label.outField.low":"最安値","label.outField.volume":"出来高","label.tooltips.text":"ストックコードのフォーマット説明","label.tooltips.link":"こちらをクリック"}},"fields":[{"fieldType":25,"uiSchema":{"fieldsConfigEditor":{"component":"OpenFieldMetaEditor","props":{"schema":{"items":[{"key":"stock","label":"${{label.fieldSelect.stock}}","component":"FieldSelect","props":{"supportType":[1]},"validator":{"required":true},"tooltips":[{"type":"text","content":"${{label.tooltips.text}}"},{"type":"link","text":"${{label.tooltips.link}}","link":"https://feishu.feishu.cn/docx/FYjGdefpcokLqQxwPGIcs0lIngf"}]},{"key":"date","label":"${{label.fieldSelect.date}}","component":"FieldSelect","props":{"supportType":[5]},"validator":{"required":true}}]}}}},"presetFieldConfig":{"fieldProperty":{"propertyType":25,"icon":{"light":"https://lf3-static.bytednsdoc.com/obj/eden-cn/abjayvoz/ljhwZthlaukjlkulzlp/2024q3/gupiaonew.png?x-resource-account=public"},"properties":[{"key":"id","title":"${{label.outField.open}}","hidden":true,"propertyType":1},{"key":"open","title":"${{label.outField.open}}","extra":{"formatter":"0.00"},"propertyType":2},{"key":"high","title":"${{label.outField.high}}","extra":{"formatter":"0.00"},"propertyType":2},{"key":"low","title":"${{label.outField.low}}","extra":{"formatter":"0.00"},"propertyType":2},{"key":"close","title":"${{label.outField.close}}","extra":{"formatter":"0.00"},"propertyType":2},{"key":"volume","title":"${{label.outField.volume}}","extra":{"formatter":"0"},"propertyType":2},{"key":"primaryProperty","title":"股票代码","propertyType":1}]},"externalEditorConfig":{}}}]}